{
  "mean": [
    124.17840375586854,
    5.466255868544601,
    286.15639671361504,
    0.0038643219637050415,
    -2103.596498418073,
    0.15844683977283763
  ],
  "scale": [
    214.54392171722978,
    8.123571008770176,
    2739.1757747134734,
    0.007793892039722506,
    14381.887224210483,
    0.068082461901624
  ],
  "feature_columns": [
    "elevation",
    "slope",
    "flow_accumulation",
    "dist_to_road",
    "population",
    "dist_to_landslide"
  ]
}